{
  "Total" : {
    "transaction" : "Total",
    "sampleCount" : 5931,
    "errorCount" : 1,
    "errorPct" : 0.016860563,
    "meanResTime" : 297.772551003204,
    "medianResTime" : 292.0,
    "minResTime" : 268.0,
    "maxResTime" : 2088.0,
    "pct1ResTime" : 310.0,
    "pct2ResTime" : 325.39999999999964,
    "pct3ResTime" : 436.0,
    "throughput" : 19.755644231858184,
    "receivedKBytesPerSec" : 17.295556895322733,
    "sentKBytesPerSec" : 6.015433472509976
  },
  "POST login fakestore Api" : {
    "transaction" : "POST login fakestore Api",
    "sampleCount" : 5931,
    "errorCount" : 1,
    "errorPct" : 0.016860563,
    "meanResTime" : 297.772551003204,
    "medianResTime" : 292.0,
    "minResTime" : 268.0,
    "maxResTime" : 2088.0,
    "pct1ResTime" : 310.0,
    "pct2ResTime" : 325.39999999999964,
    "pct3ResTime" : 436.0,
    "throughput" : 19.755644231858184,
    "receivedKBytesPerSec" : 17.295556895322733,
    "sentKBytesPerSec" : 6.015433472509976
  }
}