{
  "Total" : {
    "transaction" : "Total",
    "sampleCount" : 5898,
    "errorCount" : 20,
    "errorPct" : 0.339098,
    "meanResTime" : 311.51305527297444,
    "medianResTime" : 298.0,
    "minResTime" : 269.0,
    "maxResTime" : 3262.0,
    "pct1ResTime" : 324.0,
    "pct2ResTime" : 348.0,
    "pct3ResTime" : 465.0100000000002,
    "throughput" : 19.640817468272655,
    "receivedKBytesPerSec" : 17.193741300163506,
    "sentKBytesPerSec" : 5.980477426421861
  },
  "POST login fakestore Api" : {
    "transaction" : "POST login fakestore Api",
    "sampleCount" : 5898,
    "errorCount" : 20,
    "errorPct" : 0.339098,
    "meanResTime" : 311.51305527297444,
    "medianResTime" : 298.0,
    "minResTime" : 269.0,
    "maxResTime" : 3262.0,
    "pct1ResTime" : 324.0,
    "pct2ResTime" : 348.0,
    "pct3ResTime" : 465.0100000000002,
    "throughput" : 19.640817468272655,
    "receivedKBytesPerSec" : 17.193741300163506,
    "sentKBytesPerSec" : 5.980477426421861
  }
}